Date,prices
15-09-2010,0.963
16-09-2010,0.961
17-09-2010,0.968
20-09-2010,0.975
21-09-2010,0.979
22-09-2010,0.985
23-09-2010,0.980
24-09-2010,0.982
27-09-2010,0.989
28-09-2010,0.997
29-09-2010,1.000
30-09-2010,0.995
01-10-2010,0.991
04-10-2010,0.990
05-10-2010,0.987
06-10-2010,0.989
07-10-2010,0.999
08-10-2010,0.996
11-10-2010,0.997
12-10-2010,0.996
13-10-2010,0.994
14-10-2010,0.999
15-10-2010,1.001
18-10-2010,1.006
19-10-2010,1.001
20-10-2010,1.008
21-10-2010,1.004
22-10-2010,1.008
25-10-2010,1.010
26-10-2010,1.009
27-10-2010,0.999
28-10-2010,1.000
29-10-2010,1.002
01-11-2010,1.003
02-11-2010,1.009
03-11-2010,1.011
04-11-2010,1.017
05-11-2010,1.017
08-11-2010,1.017
09-11-2010,1.011
10-11-2010,1.006
11-11-2010,1.000
12-11-2010,0.996
15-11-2010,0.994
16-11-2010,0.998
17-11-2010,1.003
18-11-2010,1.010
19-11-2010,1.004
22-11-2010,1.007
23-11-2010,0.996
24-11-2010,0.993
25-11-2010,0.990
26-11-2010,0.984
29-11-2010,0.981
30-11-2010,0.983
01-12-2010,0.986
02-12-2010,0.979
03-12-2010,0.997
06-12-2010,0.995
07-12-2010,0.996
08-12-2010,0.990
09-12-2010,0.995
10-12-2010,0.995
13-12-2010,1.003
14-12-2010,1.006
15-12-2010,0.990
16-12-2010,0.996
17-12-2010,1.001
20-12-2010,1.010
21-12-2010,1.014
22-12-2010,1.013
23-12-2010,1.014
24-12-2010,1.013
27-12-2010,1.011
28-12-2010,1.011
29-12-2010,1.018
30-12-2010,1.017
31-12-2010,1.021
03-01-2011,1.010
04-01-2011,1.004
05-01-2011,0.996
06-01-2011,0.992
07-01-2011,0.990
10-01-2011,0.989
11-01-2011,0.978
12-01-2011,0.982
13-01-2011,0.987
14-01-2011,0.979
17-01-2011,0.981
18-01-2011,0.990
19-01-2011,0.996
20-01-2011,0.985
21-01-2011,0.984
24-01-2011,0.991
25-01-2011,0.994
26-01-2011,0.993
27-01-2011,0.986
28-01-2011,0.994
31-01-2011,0.998
01-02-2011,1.003
02-02-2011,0.996
03-02-2011,1.007
04-02-2011,1.001
07-02-2011,1.004
08-02-2011,1.010
09-02-2011,1.006
10-02-2011,1.000
11-02-2011,0.991
14-02-2011,0.992
15-02-2011,0.986
16-02-2011,0.988
17-02-2011,0.996
18-02-2011,1.001
21-02-2011,0.992
22-02-2011,0.989
23-02-2011,0.991
24-02-2011,0.992
25-02-2011,0.995
28-02-2011,0.990
01-03-2011,0.988
02-03-2011,0.989
03-03-2011,0.986
04-03-2011,0.986
07-03-2011,0.984
08-03-2011,0.981
09-03-2011,0.979
10-03-2011,0.976
11-03-2011,0.986
14-03-2011,0.983
15-03-2011,0.964
15-03-2011,0.975
16-03-2011,0.967
16-03-2011,0.968
17-03-2011,0.981
17-03-2011,0.967
18-03-2011,0.981
21-03-2011,0.985
22-03-2011,0.991
23-03-2011,0.995
24-03-2011,0.997
25-03-2011,1.007
28-03-2011,1.002
29-03-2011,1.002
30-03-2011,1.003
31-03-2011,1.002
01-04-2011,1.001
04-04-2011,1.003
05-04-2011,0.995
06-04-2011,1.003
07-04-2011,1.004
08-04-2011,1.010
11-04-2011,1.004
12-04-2011,1.005
13-04-2011,1.011
14-04-2011,1.013
15-04-2011,1.014
18-04-2011,1.013
19-04-2011,1.007
20-04-2011,1.020
21-04-2011,1.024
22-04-2011,1.026
25-04-2011,1.024
26-04-2011,1.026
27-04-2011,1.033
28-04-2011,1.039
29-04-2011,1.036
02-05-2011,1.041
03-05-2011,1.033
04-05-2011,1.030
05-05-2011,1.024
06-05-2011,1.033
09-05-2011,1.039
10-05-2011,1.038
11-05-2011,1.028
12-05-2011,1.027
13-05-2011,1.024
16-05-2011,1.031
17-05-2011,1.033
18-05-2011,1.031
19-05-2011,1.033
20-05-2011,1.038
23-05-2011,1.027
24-05-2011,1.031
25-05-2011,1.029
26-05-2011,1.041
27-05-2011,1.045
30-05-2011,1.044
31-05-2011,1.033
01-06-2011,1.037
02-06-2011,1.041
03-06-2011,1.048
06-06-2011,1.050
07-06-2011,1.044
08-06-2011,1.041
09-06-2011,1.035
10-06-2011,1.033
13-06-2011,1.035
14-06-2011,1.035
15-06-2011,1.034
16-06-2011,1.037
17-06-2011,1.041
20-06-2011,1.037
21-06-2011,1.031
22-06-2011,1.030
23-06-2011,1.030
24-06-2011,1.038
27-06-2011,1.031
28-06-2011,1.035
29-06-2011,1.036
30-06-2011,1.033
01-07-2011,1.033
04-07-2011,1.032
05-07-2011,1.029
06-07-2011,1.033
07-07-2011,1.033
08-07-2011,1.034
11-07-2011,1.032
12-07-2011,1.024
13-07-2011,1.032
14-07-2011,1.029
15-07-2011,1.015
18-07-2011,1.018
19-07-2011,1.020
20-07-2011,1.019
21-07-2011,1.023
22-07-2011,1.028
25-07-2011,1.027
26-07-2011,1.033
27-07-2011,1.047
28-07-2011,1.044
29-07-2011,1.050
01-08-2011,1.049
02-08-2011,1.036
03-08-2011,1.035
04-08-2011,1.027
05-08-2011,1.025
08-08-2011,1.013
09-08-2011,1.017
10-08-2011,1.012
11-08-2011,1.019
12-08-2011,1.022
15-08-2011,1.030
16-08-2011,1.029
17-08-2011,1.033
18-08-2011,1.029
19-08-2011,1.030
22-08-2011,1.029
23-08-2011,1.040
24-08-2011,1.034
25-08-2011,1.031
26-08-2011,1.038
29-08-2011,1.041
30-08-2011,1.045
31-08-2011,1.047
01-09-2011,1.048
02-09-2011,1.049
05-09-2011,1.044
06-09-2011,1.039
07-09-2011,1.049
08-09-2011,1.046
09-09-2011,1.044
12-09-2011,1.028
13-09-2011,1.017
14-09-2011,1.017
15-09-2011,1.016
16-09-2011,1.013
19-09-2011,1.011
20-09-2011,1.019
21-09-2011,1.012
22-09-2011,1.002
23-09-2011,1.005
26-09-2011,1.009
27-09-2011,1.011
28-09-2011,1.008
29-09-2011,1.013
30-09-2011,1.015
03-10-2011,1.004
04-10-2011,1.008
05-10-2011,1.005
06-10-2011,1.011
07-10-2011,1.016
10-10-2011,1.026
11-10-2011,1.024
12-10-2011,1.033
13-10-2011,1.040
14-10-2011,1.044
17-10-2011,1.039
18-10-2011,1.041
19-10-2011,1.043
20-10-2011,1.040
21-10-2011,1.045
24-10-2011,1.051
25-10-2011,1.060
26-10-2011,1.045
27-10-2011,1.063
28-10-2011,1.062
31-10-2011,1.053
01-11-2011,1.054
02-11-2011,1.049
03-11-2011,1.048
04-11-2011,1.057
07-11-2011,1.051
08-11-2011,1.049
09-11-2011,1.039
10-11-2011,1.033
11-11-2011,1.042
14-11-2011,1.037
15-11-2011,1.039
16-11-2011,1.032
17-11-2011,1.028
18-11-2011,1.028
21-11-2011,1.023
22-11-2011,1.021
23-11-2011,1.015
24-11-2011,1.018
25-11-2011,1.018
28-11-2011,1.024
29-11-2011,1.034
30-11-2011,1.047
01-12-2011,1.038
02-12-2011,1.041
05-12-2011,1.045
06-12-2011,1.035
07-12-2011,1.039
08-12-2011,1.039
09-12-2011,1.041
12-12-2011,1.033
13-12-2011,1.035
14-12-2011,1.030
15-12-2011,1.026
16-12-2011,1.035
19-12-2011,1.027
20-12-2011,1.038
21-12-2011,1.036
22-12-2011,1.034
23-12-2011,1.035
26-12-2011,1.037
27-12-2011,1.035
28-12-2011,1.034
29-12-2011,1.036
30-12-2011,1.042
02-01-2012,1.043
03-01-2012,1.048
04-01-2012,1.050
05-01-2012,1.045
06-01-2012,1.052
09-01-2012,1.048
10-01-2012,1.048
11-01-2012,1.051
12-01-2012,1.053
13-01-2012,1.055
16-01-2012,1.049
17-01-2012,1.054
18-01-2012,1.055
19-01-2012,1.054
20-01-2012,1.062
23-01-2012,1.062
24-01-2012,1.058
25-01-2012,1.064
26-01-2012,1.064
27-01-2012,1.067
30-01-2012,1.062
31-01-2012,1.064
01-02-2012,1.069
02-02-2012,1.070
03-02-2012,1.071
06-02-2012,1.069
07-02-2012,1.075
08-02-2012,1.075
09-02-2012,1.073
10-02-2012,1.069
13-02-2012,1.073
14-02-2012,1.068
15-02-2012,1.069
16-02-2012,1.072
17-02-2012,1.067
20-02-2012,1.069
21-02-2012,1.063
22-02-2012,1.064
23-02-2012,1.069
24-02-2012,1.069
27-02-2012,1.074
28-02-2012,1.072
29-02-2012,1.062
01-03-2012,1.065
02-03-2012,1.062
05-03-2012,1.061
06-03-2012,1.057
07-03-2012,1.057
08-03-2012,1.054
09-03-2012,1.048
12-03-2012,1.044
13-03-2012,1.043
14-03-2012,1.038
15-03-2012,1.045
16-03-2012,1.051
19-03-2012,1.047
20-03-2012,1.039
21-03-2012,1.037
22-03-2012,1.039
23-03-2012,1.044
26-03-2012,1.044
27-03-2012,1.041
28-03-2012,1.037
29-03-2012,1.035
30-03-2012,1.032
02-04-2012,1.032
03-04-2012,1.023
04-04-2012,1.023
05-04-2012,1.024
06-04-2012,1.028
09-04-2012,1.028
10-04-2012,1.030
11-04-2012,1.035
12-04-2012,1.038
13-04-2012,1.037
16-04-2012,1.035
17-04-2012,1.029
18-04-2012,1.027
19-04-2012,1.029
20-04-2012,1.030
23-04-2012,1.022
24-04-2012,1.019
25-04-2012,1.020
26-04-2012,1.023
27-04-2012,1.027
30-04-2012,1.029
01-05-2012,1.019
02-05-2012,1.019
03-05-2012,1.015
04-05-2012,1.013
07-05-2012,1.013
08-05-2012,1.011
09-05-2012,1.007
10-05-2012,1.010
11-05-2012,1.003
14-05-2012,1.000
15-05-2012,1.001
16-05-2012,1.004
17-05-2012,1.009
18-05-2012,1.006
21-05-2012,1.008
22-05-2012,1.000
23-05-2012,1.000
24-05-2012,1.003
25-05-2012,1.005
28-05-2012,1.009
29-05-2012,1.007
30-05-2012,1.000
31-05-2012,1.005
01-06-2012,1.010
04-06-2012,1.011
05-06-2012,1.011
06-06-2012,1.020
07-06-2012,1.017
08-06-2012,1.018
11-06-2012,1.017
12-06-2012,1.022
13-06-2012,1.024
14-06-2012,1.025
15-06-2012,1.030
18-06-2012,1.037
19-06-2012,1.037
20-06-2012,1.038
21-06-2012,1.033
22-06-2012,1.031
25-06-2012,1.029
26-06-2012,1.031
27-06-2012,1.033
28-06-2012,1.038
29-06-2012,1.041
02-07-2012,1.042
03-07-2012,1.041
04-07-2012,1.041
05-07-2012,1.044
06-07-2012,1.041
09-07-2012,1.041
10-07-2012,1.042
11-07-2012,1.046
12-07-2012,1.033
13-07-2012,1.038
16-07-2012,1.040
17-07-2012,1.044
18-07-2012,1.047
19-07-2012,1.051
20-07-2012,1.051
23-07-2012,1.045
24-07-2012,1.045
25-07-2012,1.047
26-07-2012,1.050
27-07-2012,1.052
30-07-2012,1.052
31-07-2012,1.053
01-08-2012,1.052
02-08-2012,1.054
03-08-2012,1.058
06-08-2012,1.057
07-08-2012,1.052
08-08-2012,1.052
09-08-2012,1.049
10-08-2012,1.048
13-08-2012,1.044
14-08-2012,1.041
15-08-2012,1.039
16-08-2012,1.037
17-08-2012,1.031
20-08-2012,1.033
21-08-2012,1.037
22-08-2012,1.041
23-08-2012,1.037
24-08-2012,1.033
27-08-2012,1.027
28-08-2012,1.025
29-08-2012,1.024
30-08-2012,1.021
31-08-2012,1.019
03-09-2012,1.010
04-09-2012,1.008
05-09-2012,1.009
06-09-2012,1.011
07-09-2012,1.017
10-09-2012,1.010
11-09-2012,1.015
12-09-2012,1.022
13-09-2012,1.022
14-09-2012,1.025
17-09-2012,1.021
18-09-2012,1.019
19-09-2012,1.021
20-09-2012,1.019
21-09-2012,1.022
24-09-2012,1.020
25-09-2012,1.018
26-09-2012,1.022
27-09-2012,1.025
28-09-2012,1.020
01-10-2012,1.018
02-10-2012,1.010
03-10-2012,1.009
04-10-2012,1.004
05-10-2012,0.997
08-10-2012,0.996
09-10-2012,0.998
10-10-2012,1.005
11-10-2012,1.004
12-10-2012,1.003
15-10-2012,1.005
16-10-2012,1.014
17-10-2012,1.016
18-10-2012,1.021
19-10-2012,1.026
22-10-2012,1.024
23-10-2012,1.019
24-10-2012,1.029
25-10-2012,1.029
26-10-2012,1.035
29-10-2012,1.034
30-10-2012,1.036
31-10-2012,1.037
01-11-2012,1.037
02-11-2012,1.030
05-11-2012,1.033
06-11-2012,1.036
07-11-2012,1.037
08-11-2012,1.041
09-11-2012,1.040
12-11-2012,1.042
13-11-2012,1.045
14-11-2012,1.041
15-11-2012,1.034
16-11-2012,1.035
19-11-2012,1.038
20-11-2012,1.036
21-11-2012,1.033
22-11-2012,1.035
23-11-2012,1.037
26-11-2012,1.040
27-11-2012,1.039
28-11-2012,1.040
29-11-2012,1.036
30-11-2012,1.037
03-12-2012,1.037
04-12-2012,1.040
05-12-2012,1.037
06-12-2012,1.039
07-12-2012,1.039
10-12-2012,1.035
11-12-2012,1.038
12-12-2012,1.039
13-12-2012,1.037
14-12-2012,1.041
17-12-2012,1.038
18-12-2012,1.038
19-12-2012,1.036
20-12-2012,1.035
21-12-2012,1.034
24-12-2012,1.029
25-12-2012,1.029
26-12-2012,1.032
27-12-2012,1.032
28-12-2012,1.033
31-12-2012,1.033
01-01-2013,1.032
02-01-2013,1.035
03-01-2013,1.034
04-01-2013,1.034
07-01-2013,1.036
08-01-2013,1.036
09-01-2013,1.039
10-01-2013,1.043
11-01-2013,1.037
14-01-2013,1.039
15-01-2013,1.040
16-01-2013,1.042
17-01-2013,1.039
18-01-2013,1.043
21-01-2013,1.044
22-01-2013,1.049
23-01-2013,1.054
24-01-2013,1.048
25-01-2013,1.049
28-01-2013,1.048
29-01-2013,1.049
30-01-2013,1.043
31-01-2013,1.040
01-02-2013,1.037
04-02-2013,1.042
05-02-2013,1.035
06-02-2013,1.028
07-02-2013,1.026
08-02-2013,1.035
11-02-2013,1.032
12-02-2013,1.033
13-02-2013,1.037
14-02-2013,1.037
15-02-2013,1.037
18-02-2013,1.041
19-02-2013,1.048
20-02-2013,1.042
21-02-2013,1.043
22-02-2013,1.055
25-02-2013,1.055
26-02-2013,1.050
27-02-2013,1.047
28-02-2013,1.053
01-03-2013,1.047
04-03-2013,1.047
05-03-2013,1.054
06-03-2013,1.056
07-03-2013,1.057
08-03-2013,1.053
11-03-2013,1.055
12-03-2013,1.059
13-03-2013,1.059
14-03-2013,1.061
15-03-2013,1.061
18-03-2013,1.063
19-03-2013,1.065
20-03-2013,1.064
21-03-2013,1.070
22-03-2013,1.068
25-03-2013,1.068
26-03-2013,1.065
27-03-2013,1.061
28-03-2013,1.059
29-03-2013,1.060
01-04-2013,1.059
02-04-2013,1.060
03-04-2013,1.061
04-04-2013,1.056
05-04-2013,1.056
08-04-2013,1.058
09-04-2013,1.066
10-04-2013,1.069
11-04-2013,1.065
12-04-2013,1.065
15-04-2013,1.057
16-04-2013,1.061
17-04-2013,1.057
18-04-2013,1.057
19-04-2013,1.055
22-04-2013,1.054
23-04-2013,1.053
24-04-2013,1.054
25-04-2013,1.050
26-04-2013,1.045
29-04-2013,1.047
30-04-2013,1.045
01-05-2013,1.036
02-05-2013,1.036
03-05-2013,1.040
06-05-2013,1.032
07-05-2013,1.023
08-05-2013,1.020
09-05-2013,1.016
10-05-2013,1.012
13-05-2013,1.006
14-05-2013,1.007
15-05-2013,1.005
16-05-2013,1.000
17-05-2013,1.000
20-05-2013,1.005
21-05-2013,1.006
22-05-2013,1.005
23-05-2013,1.005
24-05-2013,0.996
27-05-2013,0.996
28-05-2013,1.000
29-05-2013,0.997
30-05-2013,0.995
31-05-2013,0.993
03-06-2013,1.004
04-06-2013,0.998
05-06-2013,0.987
06-06-2013,0.985
07-06-2013,0.968
10-06-2013,0.965
11-06-2013,0.960
12-06-2013,0.968
13-06-2013,0.979
14-06-2013,0.973
17-06-2013,0.972
18-06-2013,0.969
19-06-2013,0.955
20-06-2013,0.956
21-06-2013,0.964
24-06-2013,0.971
25-06-2013,0.974
26-06-2013,0.971
27-06-2013,0.972
28-06-2013,0.962
01-07-2013,0.970
02-07-2013,0.964
03-07-2013,0.954
04-07-2013,0.961
05-07-2013,0.959
08-07-2013,0.964
09-07-2013,0.966
10-07-2013,0.960
11-07-2013,0.952
12-07-2013,0.941
15-07-2013,0.949
16-07-2013,0.960
17-07-2013,0.961
18-07-2013,0.952
19-07-2013,0.951
22-07-2013,0.956
23-07-2013,0.957
24-07-2013,0.946
25-07-2013,0.951
26-07-2013,0.953
29-07-2013,0.945
30-07-2013,0.934
31-07-2013,0.923
01-08-2013,0.924
02-08-2013,0.925
05-08-2013,0.925
06-08-2013,0.932
07-08-2013,0.938
08-08-2013,0.940
09-08-2013,0.946
12-08-2013,0.943
13-08-2013,0.943
14-08-2013,0.943
15-08-2013,0.942
16-08-2013,0.949
19-08-2013,0.943
20-08-2013,0.943
21-08-2013,0.940
22-08-2013,0.947
23-08-2013,0.947
26-08-2013,0.948
27-08-2013,0.941
28-08-2013,0.938
29-08-2013,0.941
30-08-2013,0.938
02-09-2013,0.947
03-09-2013,0.955
04-09-2013,0.962
05-09-2013,0.958
06-09-2013,0.956
09-09-2013,0.957
10-09-2013,0.964
11-09-2013,0.963
12-09-2013,0.957
13-09-2013,0.957
16-09-2013,0.962
17-09-2013,0.963
18-09-2013,0.973
19-09-2013,0.969
20-09-2013,0.968
23-09-2013,0.970
24-09-2013,0.968
25-09-2013,0.966
26-09-2013,0.965
27-09-2013,0.960
30-09-2013,0.961
01-10-2013,0.970
02-10-2013,0.970
03-10-2013,0.971
04-10-2013,0.971
07-10-2013,0.973
08-10-2013,0.977
09-10-2013,0.982
10-10-2013,0.983
11-10-2013,0.980
14-10-2013,0.983
15-10-2013,0.989
16-10-2013,0.987
17-10-2013,0.992
18-10-2013,0.995
21-10-2013,0.995
22-10-2013,0.999
23-10-2013,1.000
24-10-2013,1.003
25-10-2013,1.001
28-10-2013,1.000
29-10-2013,0.993
30-10-2013,0.994
31-10-2013,0.987
01-11-2013,0.984
04-11-2013,0.991
05-11-2013,0.994
06-11-2013,0.992
07-11-2013,0.989
08-11-2013,0.984
11-11-2013,0.981
12-11-2013,0.976
13-11-2013,0.979
14-11-2013,0.975
15-11-2013,0.978
18-11-2013,0.978
19-11-2013,0.988
20-11-2013,0.976
21-11-2013,0.971
22-11-2013,0.964
25-11-2013,0.966
26-11-2013,0.962
27-11-2013,0.962
28-11-2013,0.963
29-11-2013,0.967
02-12-2013,0.969
03-12-2013,0.973
04-12-2013,0.965
05-12-2013,0.966
06-12-2013,0.968
09-12-2013,0.968
10-12-2013,0.970
11-12-2013,0.958
12-12-2013,0.951
13-12-2013,0.949
16-12-2013,0.948
17-12-2013,0.944
18-12-2013,0.948
19-12-2013,0.946
20-12-2013,0.949
23-12-2013,0.948
24-12-2013,0.948
25-12-2013,0.949
26-12-2013,0.947
27-12-2013,0.950
30-12-2013,0.948
31-12-2013,0.947
01-01-2014,0.946
02-01-2014,0.951
03-01-2014,0.952
06-01-2014,0.956
07-01-2014,0.961
08-01-2014,0.963
09-01-2014,0.965
10-01-2014,0.980
13-01-2014,0.983
14-01-2014,0.981
15-01-2014,0.975
16-01-2014,0.964
17-01-2014,0.963
20-01-2014,0.965
21-01-2014,0.966
22-01-2014,0.981
23-01-2014,0.973
24-01-2014,0.963
27-01-2014,0.971
28-01-2014,0.979
29-01-2014,0.977
30-01-2014,0.981
31-01-2014,0.974
03-02-2014,0.973
04-02-2014,0.989
05-02-2014,0.987
06-02-2014,0.991
07-02-2014,0.988
10-02-2014,0.989
11-02-2014,0.995
12-02-2014,0.993
13-02-2014,0.986
14-02-2014,0.992
17-02-2014,0.990
18-02-2014,0.988
19-02-2014,0.997
20-02-2014,0.999
21-02-2014,0.997
24-02-2014,0.999
25-02-2014,1.000
26-02-2014,0.998
27-02-2014,0.997
28-02-2014,0.988
03-03-2014,0.990
04-03-2014,0.993
05-03-2014,0.991
06-03-2014,0.999
07-03-2014,1.006
10-03-2014,1.002
11-03-2014,0.997
12-03-2014,1.000
13-03-2014,1.000
14-03-2014,1.003
17-03-2014,1.004
18-03-2014,1.017
19-03-2014,1.016
20-03-2014,1.016
21-03-2014,1.019
24-03-2014,1.022
25-03-2014,1.024
26-03-2014,1.024
27-03-2014,1.022
28-03-2014,1.023
31-03-2014,1.024
01-04-2014,1.019
02-04-2014,1.020
03-04-2014,1.019
04-04-2014,1.020
07-04-2014,1.018
08-04-2014,1.023
09-04-2014,1.022
10-04-2014,1.029
11-04-2014,1.032
14-04-2014,1.033
15-04-2014,1.028
16-04-2014,1.032
17-04-2014,1.026
18-04-2014,1.028
21-04-2014,1.027
22-04-2014,1.033
23-04-2014,1.025
24-04-2014,1.021
25-04-2014,1.024
28-04-2014,1.021
29-04-2014,1.014
30-04-2014,1.018
01-05-2014,1.016
02-05-2014,1.018
05-05-2014,1.016
06-05-2014,1.019
07-05-2014,1.017
08-05-2014,1.015
09-05-2014,1.020
12-05-2014,1.020
13-05-2014,1.021
14-05-2014,1.021
15-05-2014,1.019
16-05-2014,1.017
19-05-2014,1.014
20-05-2014,1.008
21-05-2014,1.010
22-05-2014,1.004
23-05-2014,1.003
26-05-2014,1.003
27-05-2014,1.005
28-05-2014,1.004
29-05-2014,1.009
30-05-2014,1.010
02-06-2014,1.008
03-06-2014,1.011
04-06-2014,1.015
05-06-2014,1.020
06-06-2014,1.021
09-06-2014,1.020
10-06-2014,1.022
11-06-2014,1.020
12-06-2014,1.023
13-06-2014,1.021
16-06-2014,1.019
17-06-2014,1.014
18-06-2014,1.019
19-06-2014,1.017
20-06-2014,1.010
23-06-2014,1.011
24-06-2014,1.007
25-06-2014,1.008
26-06-2014,1.006
27-06-2014,1.005
30-06-2014,1.007
01-07-2014,1.010
02-07-2014,1.007
03-07-2014,0.994
04-07-2014,0.998
07-07-2014,1.002
08-07-2014,1.004
09-07-2014,1.003
10-07-2014,1.001
11-07-2014,1.008
14-07-2014,1.006
15-07-2014,1.008
16-07-2014,1.006
17-07-2014,1.007
18-07-2014,1.008
21-07-2014,1.006
22-07-2014,1.009
23-07-2014,1.015
24-07-2014,1.012
25-07-2014,1.016
28-07-2014,1.016
29-07-2014,1.018
30-07-2014,1.017
31-07-2014,1.014
01-08-2014,1.017
04-08-2014,1.018
05-08-2014,1.020
06-08-2014,1.021
07-08-2014,1.013
08-08-2014,1.018
11-08-2014,1.012
12-08-2014,1.013
13-08-2014,1.015
14-08-2014,1.016
15-08-2014,1.016
18-08-2014,1.015
19-08-2014,1.018
20-08-2014,1.019
21-08-2014,1.018
22-08-2014,1.020
25-08-2014,1.021
26-08-2014,1.019
27-08-2014,1.015
28-08-2014,1.016
29-08-2014,1.016
01-09-2014,1.015
02-09-2014,1.014
03-09-2014,1.018
04-09-2014,1.017
05-09-2014,1.020
08-09-2014,1.019
09-09-2014,1.011
10-09-2014,1.001
11-09-2014,1.004
12-09-2014,1.003
15-09-2014,0.998
16-09-2014,0.998
17-09-2014,0.985
18-09-2014,0.983
19-09-2014,0.979
22-09-2014,0.980
23-09-2014,0.979
24-09-2014,0.982
25-09-2014,0.976
26-09-2014,0.978
29-09-2014,0.973
30-09-2014,0.979
01-10-2014,0.976
02-10-2014,0.982
03-10-2014,0.975
06-10-2014,0.976
07-10-2014,0.985
08-10-2014,0.982
09-10-2014,0.983
10-10-2014,0.973
13-10-2014,0.982
14-10-2014,0.984
15-10-2014,0.994
16-10-2014,0.986
17-10-2014,0.986
20-10-2014,0.991
21-10-2014,0.985
22-10-2014,0.986
23-10-2014,0.984
24-10-2014,0.988
27-10-2014,0.990
28-10-2014,0.989
29-10-2014,0.984
30-10-2014,0.988
31-10-2014,0.991
03-11-2014,0.986
04-11-2014,0.997
05-11-2014,0.978
06-11-2014,0.978
07-11-2014,0.978
10-11-2014,0.981
11-11-2014,0.984
12-11-2014,0.987
13-11-2014,0.991
14-11-2014,0.987
17-11-2014,0.985
18-11-2014,0.985
19-11-2014,0.977
20-11-2014,0.974
21-11-2014,0.974
24-11-2014,0.972
25-11-2014,0.961
26-11-2014,0.961
27-11-2014,0.968
28-11-2014,0.971
01-12-2014,0.962
02-12-2014,0.963
03-12-2014,0.955
04-12-2014,0.954
05-12-2014,0.952
08-12-2014,0.952
09-12-2014,0.949
10-12-2014,0.955
11-12-2014,0.953
12-12-2014,0.955
15-12-2014,0.958
16-12-2014,0.956
17-12-2014,0.945
18-12-2014,0.945
19-12-2014,0.945
22-12-2014,0.946
23-12-2014,0.941
24-12-2014,0.942
25-12-2014,0.944
26-12-2014,0.944
29-12-2014,0.946
30-12-2014,0.950
31-12-2014,0.949
01-01-2015,0.951
02-01-2015,0.953
05-01-2015,0.951
06-01-2015,0.957
07-01-2015,0.955
08-01-2015,0.961
09-01-2015,0.974
12-01-2015,0.977
13-01-2015,0.976
14-01-2015,0.974
15-01-2015,0.982
16-01-2015,0.986
19-01-2015,0.980
20-01-2015,0.990
21-01-2015,0.998
22-01-2015,0.994
23-01-2015,0.982
26-01-2015,0.989
27-01-2015,0.984
28-01-2015,0.989
29-01-2015,0.979
30-01-2015,0.989
02-02-2015,0.980
03-02-2015,0.968
04-02-2015,0.975
05-02-2015,0.970
06-02-2015,0.977
09-02-2015,0.973
10-02-2015,0.978
11-02-2015,0.975
12-02-2015,0.967
13-02-2015,0.967
16-02-2015,0.969
17-02-2015,0.969
18-02-2015,0.973
19-02-2015,0.974
20-02-2015,0.983
23-02-2015,0.981
24-02-2015,0.978
25-02-2015,0.981
26-02-2015,0.976
27-02-2015,0.977
02-03-2015,0.974
03-03-2015,0.977
04-03-2015,0.972
05-03-2015,0.972
06-03-2015,0.974
09-03-2015,0.971
10-03-2015,0.968
11-03-2015,0.969
12-03-2015,0.978
13-03-2015,0.976
16-03-2015,0.976
17-03-2015,0.974
18-03-2015,0.977
19-03-2015,0.973
20-03-2015,0.976
23-03-2015,0.987
24-03-2015,0.984
25-03-2015,0.982
26-03-2015,0.977
27-03-2015,0.978
30-03-2015,0.970
31-03-2015,0.965
01-04-2015,0.959
02-04-2015,0.953
03-04-2015,0.953
06-04-2015,0.947
07-04-2015,0.955
08-04-2015,0.964
09-04-2015,0.968
10-04-2015,0.966
13-04-2015,0.956
14-04-2015,0.952
15-04-2015,0.944
16-04-2015,0.951
17-04-2015,0.953
20-04-2015,0.944
21-04-2015,0.947
22-04-2015,0.949
23-04-2015,0.945
24-04-2015,0.952
27-04-2015,0.950
28-04-2015,0.966
29-04-2015,0.963
30-04-2015,0.955
01-05-2015,0.955
04-05-2015,0.948
05-05-2015,0.958
06-05-2015,0.960
07-05-2015,0.959
08-05-2015,0.958
11-05-2015,0.955
12-05-2015,0.958
13-05-2015,0.970
14-05-2015,0.968
15-05-2015,0.965
18-05-2015,0.971
19-05-2015,0.968
20-05-2015,0.961
21-05-2015,0.963
22-05-2015,0.961
25-05-2015,0.963
26-05-2015,0.962
27-05-2015,0.962
28-05-2015,0.951
29-05-2015,0.951
01-06-2015,0.952
02-06-2015,0.964
03-06-2015,0.970
04-06-2015,0.961
05-06-2015,0.949
08-06-2015,0.956
09-06-2015,0.949
10-06-2015,0.951
11-06-2015,0.953
12-06-2015,0.953
15-06-2015,0.957
16-06-2015,0.953
17-06-2015,0.947
18-06-2015,0.953
19-06-2015,0.953
22-06-2015,0.951
23-06-2015,0.954
24-06-2015,0.954
25-06-2015,0.954
26-06-2015,0.943
29-06-2015,0.952
30-06-2015,0.963
01-07-2015,0.962
02-07-2015,0.957
03-07-2015,0.944
06-07-2015,0.949
07-07-2015,0.947
08-07-2015,0.947
09-07-2015,0.946
10-07-2015,0.943
13-07-2015,0.944
14-07-2015,0.948
15-07-2015,0.953
16-07-2015,0.959
17-07-2015,0.956
20-07-2015,0.958
21-07-2015,0.961
22-07-2015,0.961
23-07-2015,0.959
24-07-2015,0.950
27-07-2015,0.948
28-07-2015,0.948
29-07-2015,0.945
30-07-2015,0.948
31-07-2015,0.956
03-08-2015,0.958
04-08-2015,0.974
05-08-2015,0.970
06-08-2015,0.963
07-08-2015,0.974
10-08-2015,0.964
11-08-2015,0.958
12-08-2015,0.958
13-08-2015,0.961
14-08-2015,0.965
17-08-2015,0.964
18-08-2015,0.959
19-08-2015,0.965
20-08-2015,0.961
21-08-2015,0.965
24-08-2015,0.951
25-08-2015,0.951
26-08-2015,0.947
27-08-2015,0.946
28-08-2015,0.947
31-08-2015,0.935
01-09-2015,0.931
02-09-2015,0.934
03-09-2015,0.925
04-09-2015,0.918
07-09-2015,0.922
08-09-2015,0.927
09-09-2015,0.930
10-09-2015,0.937
11-09-2015,0.941
14-09-2015,0.947
15-09-2015,0.946
16-09-2015,0.948
17-09-2015,0.946
18-09-2015,0.951
21-09-2015,0.945
22-09-2015,0.941
23-09-2015,0.933
24-09-2015,0.934
25-09-2015,0.937
28-09-2015,0.937
29-09-2015,0.938
30-09-2015,0.935
01-10-2015,0.933
02-10-2015,0.927
05-10-2015,0.927
06-10-2015,0.934
07-10-2015,0.941
08-10-2015,0.945
09-10-2015,0.950
12-10-2015,0.957
13-10-2015,0.945
14-10-2015,0.944
15-10-2015,0.943
16-10-2015,0.938
19-10-2015,0.944
20-10-2015,0.943
21-10-2015,0.947
22-10-2015,0.943
23-10-2015,0.950
26-10-2015,0.953
27-10-2015,0.954
28-10-2015,0.939
29-10-2015,0.932
30-10-2015,0.934
02-11-2015,0.936
03-11-2015,0.939
04-11-2015,0.940
05-11-2015,0.941
06-11-2015,0.938
09-11-2015,0.936
10-11-2015,0.933
11-11-2015,0.936
12-11-2015,0.947
13-11-2015,0.950
16-11-2015,0.946
17-11-2015,0.947
18-11-2015,0.946
19-11-2015,0.956
20-11-2015,0.966
23-11-2015,0.962
24-11-2015,0.965
25-11-2015,0.963
26-11-2015,0.961
27-11-2015,0.962
30-11-2015,0.966
01-12-2015,0.978
02-12-2015,0.975
03-12-2015,0.981
04-12-2015,0.981
07-12-2015,0.981
08-12-2015,0.980
09-12-2015,0.982
10-12-2015,0.992
11-12-2015,0.989
14-12-2015,0.995
15-12-2015,0.988
16-12-2015,0.997
17-12-2015,0.993
18-12-2015,1.001
21-12-2015,1.004
22-12-2015,1.007
23-12-2015,1.001
24-12-2015,1.006
25-12-2015,1.001
28-12-2015,1.008
29-12-2015,1.010
30-12-2015,1.011
31-12-2015,1.008
01-01-2016,1.011
04-01-2016,1.004
05-01-2016,1.002
06-01-2016,0.995
07-01-2016,0.990
08-01-2016,0.985
11-01-2016,0.995
12-01-2016,0.997
13-01-2016,0.998
14-01-2016,1.003
15-01-2016,0.999
18-01-2016,1.000
19-01-2016,1.007
20-01-2016,1.002
21-01-2016,0.998
22-01-2016,0.989
25-01-2016,0.994
26-01-2016,0.989
27-01-2016,0.990
28-01-2016,0.994
29-01-2016,0.990
01-02-2016,0.992
02-02-2016,0.989
03-02-2016,0.988
04-02-2016,0.991
05-02-2016,0.984
08-02-2016,0.987
09-02-2016,0.981
10-02-2016,0.988
11-02-2016,0.991
12-02-2016,0.984
15-02-2016,0.988
16-02-2016,0.986
17-02-2016,0.982
18-02-2016,0.982
19-02-2016,0.984
22-02-2016,0.991
23-02-2016,0.994
24-02-2016,0.986
25-02-2016,0.979
26-02-2016,0.964
29-02-2016,0.967
01-03-2016,0.962
02-03-2016,0.979
03-03-2016,0.985
04-03-2016,0.991
07-03-2016,0.992
08-03-2016,0.998
09-03-2016,0.992
10-03-2016,0.994
11-03-2016,1.001
14-03-2016,0.997
15-03-2016,0.996
16-03-2016,0.989
17-03-2016,0.993
18-03-2016,0.989
21-03-2016,0.993
22-03-2016,0.994
23-03-2016,0.995
24-03-2016,0.997
25-03-2016,0.997
28-03-2016,0.995
29-03-2016,0.997
30-03-2016,0.995
31-03-2016,0.996
01-04-2016,0.998
04-04-2016,0.995
05-04-2016,0.991
06-04-2016,0.995
07-04-2016,0.986
08-04-2016,0.981
11-04-2016,0.980
12-04-2016,0.981
13-04-2016,0.981
14-04-2016,0.989
15-04-2016,0.990
18-04-2016,0.991
19-04-2016,0.990
20-04-2016,0.986
21-04-2016,0.986
22-04-2016,0.977
25-04-2016,0.978
26-04-2016,0.977
27-04-2016,0.956
28-04-2016,0.957
29-04-2016,0.954
02-05-2016,0.961
03-05-2016,0.952
04-05-2016,0.960
05-05-2016,0.960
06-05-2016,0.951
09-05-2016,0.948
10-05-2016,0.951
11-05-2016,0.948
12-05-2016,0.941
13-05-2016,0.941
16-05-2016,0.940
17-05-2016,0.945
18-05-2016,0.943
19-05-2016,0.946
20-05-2016,0.947
23-05-2016,0.949
24-05-2016,0.943
25-05-2016,0.937
26-05-2016,0.938
27-05-2016,0.935
30-05-2016,0.937
31-05-2016,0.947
01-06-2016,0.949
02-06-2016,0.947
03-06-2016,0.953
06-06-2016,0.944
07-06-2016,0.950
08-06-2016,0.948
09-06-2016,0.946
10-06-2016,0.943
13-06-2016,0.948
14-06-2016,0.947
15-06-2016,0.957
16-06-2016,0.955
17-06-2016,0.954
20-06-2016,0.955
21-06-2016,0.955
22-06-2016,0.963
23-06-2016,0.971
24-06-2016,0.971
27-06-2016,0.959
28-06-2016,0.962
29-06-2016,0.964
30-06-2016,0.963
01-07-2016,0.969
04-07-2016,0.968
05-07-2016,0.969
06-07-2016,0.975
07-07-2016,0.973
08-07-2016,0.987
11-07-2016,0.988
12-07-2016,0.994
13-07-2016,0.987
14-07-2016,0.984
15-07-2016,0.983
18-07-2016,0.983
19-07-2016,0.977
20-07-2016,0.977
21-07-2016,0.981
22-07-2016,0.980
25-07-2016,0.987
26-07-2016,0.989
27-07-2016,0.988
28-07-2016,0.987
29-07-2016,0.990
01-08-2016,0.989
02-08-2016,0.998
03-08-2016,0.992
04-08-2016,0.993
05-08-2016,1.003
08-08-2016,1.007
09-08-2016,1.006
10-08-2016,1.006
11-08-2016,1.000
12-08-2016,0.990
15-08-2016,0.991
16-08-2016,0.990
17-08-2016,0.983
18-08-2016,0.982
19-08-2016,0.982
22-08-2016,0.986
23-08-2016,0.983
24-08-2016,0.984
25-08-2016,0.984
26-08-2016,0.984
29-08-2016,0.985
30-08-2016,0.984
31-08-2016,0.985
01-09-2016,0.989
02-09-2016,0.984
05-09-2016,0.980
06-09-2016,0.988
07-09-2016,0.989
08-09-2016,0.989
09-09-2016,0.984
12-09-2016,0.987
13-09-2016,0.984
14-09-2016,0.986
15-09-2016,0.989
16-09-2016,0.989
19-09-2016,0.995
20-09-2016,0.997
21-09-2016,0.999
22-09-2016,0.997
23-09-2016,1.004
26-09-2016,1.010
27-09-2016,1.012
28-09-2016,1.006
29-09-2016,1.004
30-09-2016,1.006
03-10-2016,1.007
04-10-2016,1.005
05-10-2016,1.004
06-10-2016,1.002
07-10-2016,1.008
10-10-2016,1.002
11-10-2016,1.000
12-10-2016,1.004
13-10-2016,0.999
14-10-2016,1.001
17-10-2016,1.001
18-10-2016,1.005
19-10-2016,1.013
20-10-2016,1.009
21-10-2016,1.015
24-10-2016,1.011
25-10-2016,1.021
26-10-2016,1.024
27-10-2016,1.016
28-10-2016,1.018
31-10-2016,1.021
01-11-2016,1.025
02-11-2016,1.026
03-11-2016,1.029
04-11-2016,1.029
07-11-2016,1.033
08-11-2016,1.031
09-11-2016,1.025
10-11-2016,1.026
11-11-2016,1.023
14-11-2016,1.024
15-11-2016,1.017
16-11-2016,1.006
17-11-2016,1.002
18-11-2016,0.991
21-11-2016,0.989
22-11-2016,0.995
23-11-2016,0.996
24-11-2016,0.999
25-11-2016,1.007
28-11-2016,1.004
29-11-2016,1.005
30-11-2016,0.992
01-12-2016,0.987
02-12-2016,0.992
05-12-2016,0.992
06-12-2016,0.991
07-12-2016,0.990
08-12-2016,0.984
09-12-2016,0.982
12-12-2016,0.985
13-12-2016,0.985
14-12-2016,0.984
15-12-2016,0.981
16-12-2016,0.974
19-12-2016,0.972
20-12-2016,0.971
21-12-2016,0.971
22-12-2016,0.973
23-12-2016,0.972
26-12-2016,0.971
27-12-2016,0.976
28-12-2016,0.974
29-12-2016,0.975
30-12-2016,0.969
02-01-2017,0.966
03-01-2017,0.970
04-01-2017,0.969
05-01-2017,0.970
06-01-2017,0.966
09-01-2017,0.972
10-01-2017,0.975
11-01-2017,0.981
12-01-2017,0.984
13-01-2017,0.984
16-01-2017,0.985
17-01-2017,0.987
18-01-2017,0.996
19-01-2017,1.007
20-01-2017,1.006
23-01-2017,1.004
24-01-2017,0.998
25-01-2017,0.990
26-01-2017,0.986
27-01-2017,0.993
30-01-2017,0.991
31-01-2017,0.988
01-02-2017,0.990
02-02-2017,0.998
03-02-2017,1.001
06-02-2017,1.002
07-02-2017,1.005
08-02-2017,1.005
09-02-2017,1.002
10-02-2017,1.004
13-02-2017,0.999
14-02-2017,1.002
15-02-2017,1.008
16-02-2017,1.006
17-02-2017,1.005
20-02-2017,1.008
21-02-2017,1.009
22-02-2017,1.014
23-02-2017,1.011
24-02-2017,1.005
27-02-2017,1.012
28-02-2017,1.019
01-03-2017,1.023
02-03-2017,1.014
03-03-2017,1.016
06-03-2017,1.017
07-03-2017,1.018
08-03-2017,1.016
09-03-2017,1.014
10-03-2017,1.016
13-03-2017,1.018
14-03-2017,1.019
15-03-2017,1.026
16-03-2017,1.023
17-03-2017,1.028
20-03-2017,1.032
21-03-2017,1.027
22-03-2017,1.023
23-03-2017,1.018
24-03-2017,1.020
27-03-2017,1.019
28-03-2017,1.022
29-03-2017,1.022
30-03-2017,1.020
31-03-2017,1.016
03-04-2017,1.018
04-04-2017,1.014
05-04-2017,1.017
06-04-2017,1.012
07-04-2017,1.005
10-04-2017,1.000
11-04-2017,0.999
12-04-2017,0.997
13-04-2017,1.009
14-04-2017,1.010
17-04-2017,1.011
18-04-2017,1.011
19-04-2017,1.011
20-04-2017,1.014
21-04-2017,1.018
24-04-2017,1.022
25-04-2017,1.023
26-04-2017,1.018
27-04-2017,1.018
28-04-2017,1.022
01-05-2017,1.030
02-05-2017,1.033
03-05-2017,1.019
04-05-2017,1.019
05-05-2017,1.013
08-05-2017,1.011
09-05-2017,1.008
10-05-2017,1.006
11-05-2017,1.011
12-05-2017,1.013
15-05-2017,1.011
16-05-2017,1.011
17-05-2017,1.011
18-05-2017,1.009
19-05-2017,1.008
22-05-2017,1.010
23-05-2017,1.011
24-05-2017,1.006
25-05-2017,1.005
26-05-2017,1.001
29-05-2017,1.001
30-05-2017,1.005
31-05-2017,1.003
01-06-2017,0.997
02-06-2017,1.004
05-06-2017,1.009
06-06-2017,1.010
07-06-2017,1.020
08-06-2017,1.019
09-06-2017,1.014
12-06-2017,1.005
13-06-2017,0.998
14-06-2017,1.005
15-06-2017,1.006
16-06-2017,1.007
19-06-2017,1.005
20-06-2017,1.006
21-06-2017,1.007
22-06-2017,0.998
23-06-2017,1.004
26-06-2017,1.005
27-06-2017,1.001
28-06-2017,0.996
29-06-2017,0.999
30-06-2017,0.997
03-07-2017,0.997
04-07-2017,0.984
05-07-2017,0.985
06-07-2017,0.985
07-07-2017,0.979
10-07-2017,0.981
11-07-2017,0.986
12-07-2017,0.979
13-07-2017,0.983
14-07-2017,0.990
17-07-2017,0.991
18-07-2017,1.000
19-07-2017,1.003
20-07-2017,1.002
21-07-2017,0.993
24-07-2017,0.991
25-07-2017,0.993
26-07-2017,0.996
27-07-2017,1.000
28-07-2017,0.993
31-07-2017,0.999
01-08-2017,0.999
02-08-2017,1.002
03-08-2017,1.001
04-08-2017,1.003
07-08-2017,1.003
08-08-2017,1.002
09-08-2017,1.002
10-08-2017,1.004
11-08-2017,1.001
14-08-2017,0.999
15-08-2017,0.998
16-08-2017,1.000
17-08-2017,1.000
18-08-2017,0.998
21-08-2017,0.997
22-08-2017,0.994
23-08-2017,0.993
24-08-2017,0.989
25-08-2017,0.990
28-08-2017,0.996
29-08-2017,0.994
30-08-2017,0.998
31-08-2017,0.992
01-09-2017,0.988
04-09-2017,0.987
05-09-2017,0.989
06-09-2017,0.978
07-09-2017,0.975
08-09-2017,0.980
11-09-2017,0.972
12-09-2017,0.977
13-09-2017,0.972
14-09-2017,0.973
15-09-2017,0.973
